{
    "swagger": "2.0",
    "info": {
        "description": "example of oortcloud-daily-cookbook api",
        "title": "oort-web-demo API",
        "contact": {},
        "license": {
            "name": "/MyProgramBuildData"
        },
        "version": "1.0"
    },
    "basePath": "/BaseUrl",
    "paths": {
        "/api/v1/articles": {
            "post": {
                "produces": [
                    "application/json"
                ],
                "summary": "Add article",
                "parameters": [
                    {
                        "description": "TagID",
                        "name": "tag_id",
                        "in": "body",
                        "required": true,
                        "schema": {
                            "type": "integer"
                        }
                    },
                    {
                        "description": "Title",
                        "name": "title",
                        "in": "body",
                        "required": true,
                        "schema": {
                            "type": "string"
                        }
                    },
                    {
                        "description": "Desc",
                        "name": "desc",
                        "in": "body",
                        "required": true,
                        "schema": {
                            "type": "string"
                        }
                    },
                    {
                        "description": "Content",
                        "name": "content",
                        "in": "body",
                        "required": true,
                        "schema": {
                            "type": "string"
                        }
                    },
                    {
                        "description": "CreatedBy",
                        "name": "created_by",
                        "in": "body",
                        "required": true,
                        "schema": {
                            "type": "string"
                        }
                    },
                    {
                        "description": "State",
                        "name": "state",
                        "in": "body",
                        "required": true,
                        "schema": {
                            "type": "integer"
                        }
                    }
                ],
                "responses": {
                    "200": {
                        "description": "OK",
                        "schema": {
                            "$ref": "#/definitions/app.Response"
                        }
                    },
                    "500": {
                        "description": "Internal Server Error",
                        "schema": {
                            "$ref": "#/definitions/app.Response"
                        }
                    }
                }
            }
        },
        "/auth": {
            "get": {
                "produces": [
                    "application/json"
                ],
                "tags": [
                    "auth"
                ],
                "summary": "获取token认证",
                "parameters": [
                    {
                        "type": "string",
                        "description": "userName",
                        "name": "username",
                        "in": "query",
                        "required": true
                    },
                    {
                        "type": "string",
                        "description": "password",
                        "name": "password",
                        "in": "query",
                        "required": true
                    }
                ],
                "responses": {
                    "200": {
                        "description": "OK",
                        "schema": {
                            "$ref": "#/definitions/app.Response"
                        }
                    },
                    "500": {
                        "description": "Internal Server Error",
                        "schema": {
                            "$ref": "#/definitions/app.Response"
                        }
                    }
                }
            }
        },
        "/v1/add": {
            "post": {
                "produces": [
                    "application/json"
                ],
                "tags": [
                    "cookbook"
                ],
                "summary": "新增每日食谱",
                "parameters": [
                    {
                        "description": "新增每日食谱",
                        "name": "target",
                        "in": "body",
                        "required": true,
                        "schema": {
                            "type": "object",
                            "$ref": "#/definitions/v1.AddCookBookBody"
                        }
                    }
                ],
                "responses": {
                    "200": {
                        "description": "OK",
                        "schema": {
                            "$ref": "#/definitions/app.Response"
                        }
                    },
                    "500": {
                        "description": "Internal Server Error",
                        "schema": {
                            "$ref": "#/definitions/app.Response"
                        }
                    }
                }
            }
        },
        "/v1/delete": {
            "post": {
                "produces": [
                    "application/json"
                ],
                "tags": [
                    "cookbook"
                ],
                "summary": "删除每日食谱",
                "parameters": [
                    {
                        "description": "删除每日食谱",
                        "name": "target",
                        "in": "body",
                        "required": true,
                        "schema": {
                            "type": "object",
                            "$ref": "#/definitions/v1.DeleteCookBookBody"
                        }
                    }
                ],
                "responses": {
                    "200": {
                        "description": "OK",
                        "schema": {
                            "$ref": "#/definitions/app.Response"
                        }
                    },
                    "500": {
                        "description": "Internal Server Error",
                        "schema": {
                            "$ref": "#/definitions/app.Response"
                        }
                    }
                }
            }
        },
        "/v1/detail": {
            "post": {
                "produces": [
                    "application/json"
                ],
                "tags": [
                    "cookbook"
                ],
                "summary": "每日食谱详情",
                "parameters": [
                    {
                        "description": "每日食谱详情",
                        "name": "target",
                        "in": "body",
                        "required": true,
                        "schema": {
                            "type": "object",
                            "$ref": "#/definitions/v1.DetailCookBookBody"
                        }
                    }
                ],
                "responses": {
                    "200": {
                        "description": "OK",
                        "schema": {
                            "$ref": "#/definitions/models.RespAppOne"
                        }
                    },
                    "500": {
                        "description": "Internal Server Error",
                        "schema": {
                            "$ref": "#/definitions/app.Response"
                        }
                    }
                }
            }
        },
        "/v1/edit": {
            "post": {
                "produces": [
                    "application/json"
                ],
                "tags": [
                    "cookbook"
                ],
                "summary": "编辑每日食谱",
                "parameters": [
                    {
                        "description": "编辑每日食谱",
                        "name": "target",
                        "in": "body",
                        "required": true,
                        "schema": {
                            "type": "object",
                            "$ref": "#/definitions/v1.EditCookBookBody"
                        }
                    }
                ],
                "responses": {
                    "200": {
                        "description": "OK",
                        "schema": {
                            "$ref": "#/definitions/app.Response"
                        }
                    },
                    "500": {
                        "description": "Internal Server Error",
                        "schema": {
                            "$ref": "#/definitions/app.Response"
                        }
                    }
                }
            }
        },
        "/v1/list": {
            "post": {
                "produces": [
                    "application/json"
                ],
                "tags": [
                    "cookbook"
                ],
                "summary": "每日食谱列表",
                "parameters": [
                    {
                        "description": "每日食谱列表",
                        "name": "target",
                        "in": "body",
                        "required": true,
                        "schema": {
                            "type": "object",
                            "$ref": "#/definitions/v1.CookBookListBody"
                        }
                    }
                ],
                "responses": {
                    "200": {
                        "description": "OK",
                        "schema": {
                            "$ref": "#/definitions/models.RespList"
                        }
                    },
                    "500": {
                        "description": "Internal Server Error",
                        "schema": {
                            "$ref": "#/definitions/app.Response"
                        }
                    }
                }
            }
        }
    },
    "definitions": {
        "app.Response": {
            "type": "object",
            "properties": {
                "code": {
                    "type": "integer"
                },
                "data": {
                    "type": "object"
                },
                "msg": {
                    "type": "string"
                }
            }
        },
        "models.Oort_cookbook": {
            "type": "object",
            "properties": {
                "content": {
                    "description": "内容",
                    "type": "string"
                },
                "created_on": {
                    "description": "创建时间",
                    "type": "integer"
                },
                "day": {
                    "description": "日期(2006-01-01)",
                    "type": "string"
                },
                "id": {
                    "type": "integer"
                },
                "modified_on": {
                    "description": "修改时间",
                    "type": "integer"
                },
                "pic_url": {
                    "description": "图片url地址集",
                    "type": "string"
                },
                "remark": {
                    "description": "备注",
                    "type": "string"
                },
                "status": {
                    "description": "状态",
                    "type": "integer"
                },
                "title": {
                    "description": "标题",
                    "type": "string"
                },
                "type": {
                    "description": "类型",
                    "type": "integer"
                },
                "uid": {
                    "description": "uid",
                    "type": "string"
                },
                "uuid": {
                    "description": "创建人uuid",
                    "type": "string"
                }
            }
        },
        "models.RespAppOne": {
            "type": "object",
            "properties": {
                "code": {
                    "description": "返回码",
                    "type": "integer",
                    "example": 200
                },
                "data": {
                    "type": "object",
                    "$ref": "#/definitions/models.Oort_cookbook"
                },
                "msg": {
                    "type": "string",
                    "example": "返回消息"
                }
            }
        },
        "models.RespData": {
            "type": "object",
            "properties": {
                "count": {
                    "description": "个数",
                    "type": "integer"
                },
                "lists": {
                    "type": "array",
                    "items": {
                        "$ref": "#/definitions/models.Oort_cookbook"
                    }
                }
            }
        },
        "models.RespList": {
            "type": "object",
            "properties": {
                "code": {
                    "description": "返回码",
                    "type": "integer",
                    "example": 200
                },
                "data": {
                    "type": "object",
                    "$ref": "#/definitions/models.RespData"
                },
                "msg": {
                    "type": "string",
                    "example": "返回消息"
                }
            }
        },
        "v1.AddCookBookBody": {
            "type": "object",
            "required": [
                "accessToken",
                "pic_url",
                "title",
                "uuid"
            ],
            "properties": {
                "accessToken": {
                    "type": "string",
                    "example": "token"
                },
                "pic_url": {
                    "description": "图片url地址集",
                    "type": "string"
                },
                "title": {
                    "description": "标题",
                    "type": "string"
                },
                "uuid": {
                    "description": "创建人uuid",
                    "type": "string"
                }
            }
        },
        "v1.CookBookListBody": {
            "type": "object",
            "required": [
                "accessToken",
                "uuid"
            ],
            "properties": {
                "accessToken": {
                    "type": "string",
                    "example": "token"
                },
                "content": {
                    "type": "string",
                    "example": "搜索内容"
                },
                "endTime": {
                    "description": "结束时间",
                    "type": "integer"
                },
                "pageNum": {
                    "description": "页数",
                    "type": "integer",
                    "example": 1
                },
                "pageSize": {
                    "description": "行数",
                    "type": "integer",
                    "example": 10
                },
                "startTime": {
                    "description": "开始时间",
                    "type": "integer"
                },
                "uuid": {
                    "type": "string",
                    "example": "登录者的uuid"
                }
            }
        },
        "v1.DeleteCookBookBody": {
            "type": "object",
            "required": [
                "accessToken",
                "uid",
                "uuid"
            ],
            "properties": {
                "accessToken": {
                    "type": "string",
                    "example": "token"
                },
                "uid": {
                    "description": "uid",
                    "type": "string"
                },
                "uuid": {
                    "description": "创建人uuid",
                    "type": "string"
                }
            }
        },
        "v1.DetailCookBookBody": {
            "type": "object",
            "required": [
                "accessToken",
                "uid",
                "uuid"
            ],
            "properties": {
                "accessToken": {
                    "type": "string",
                    "example": "token"
                },
                "uid": {
                    "description": "uid",
                    "type": "string"
                },
                "uuid": {
                    "description": "创建人uuid",
                    "type": "string"
                }
            }
        },
        "v1.EditCookBookBody": {
            "type": "object",
            "required": [
                "accessToken",
                "pic_url",
                "title",
                "uid",
                "uuid"
            ],
            "properties": {
                "accessToken": {
                    "type": "string",
                    "example": "token"
                },
                "pic_url": {
                    "description": "图片url地址集",
                    "type": "string"
                },
                "title": {
                    "description": "标题",
                    "type": "string"
                },
                "uid": {
                    "description": "uid",
                    "type": "string"
                },
                "uuid": {
                    "description": "创建人uuid",
                    "type": "string"
                }
            }
        }
    }
}